{"items":[{"posicion":{"x":264.40167236328127,"y":16.547252655029298,"z":277.046142578125},"rotacion":{"x":-2.8678202923515529e-8,"y":354.0289001464844,"z":7.633175869159459e-9},"timestamp":"14/06/2024 5:16:19","action":"Teleport","photoName":""}]}