{"items":[{"posicion":{"x":251.69601440429688,"y":15.136054039001465,"z":225.63970947265626},"rotacion":{"x":0.0,"y":0.0,"z":0.0},"timestamp":"15/05/2024 4:46:40"}]}